-13.000554,8.449234,-2.465176,3.000000
-13.034036,8.431035,-2.388457,3.000000
-13.065670,8.411544,-2.308655,3.000000
-13.095342,8.390798,-2.226534,3.000000
-13.123225,8.368300,-2.151273,3.000000
-13.149497,8.343648,-2.088643,1.401677
-13.174110,8.317082,-2.035561,1.458610
-13.197073,8.288843,-1.989918,1.587839
-13.218552,8.258954,-1.952861,1.697878
-13.238760,8.227442,-1.924437,1.911593
-13.257800,8.194518,-1.902111,2.030845
-13.275785,8.160361,-1.884171,2.209115
-13.292826,8.125120,-1.869493,2.300431
-13.309035,8.088922,-1.857370,2.434384
-13.324523,8.051876,-1.847386,2.501339
-13.339395,8.014075,-1.839325,2.583241
-13.353736,7.975592,-1.832853,2.615692
-13.367566,7.936473,-1.827062,2.701283
-13.380943,7.896769,-1.821786,2.743128
-13.393878,7.856513,-1.816443,2.726190
-13.406418,7.815749,-1.811115,2.713755
-13.418563,7.774501,-1.805390,2.783562
-13.430354,7.732804,-1.799484,2.792233
-13.441781,7.690677,-1.793070,2.802128
-13.452875,7.648150,-1.786429,2.807021
-13.463620,7.605236,-1.779271,2.818095
-13.474043,7.561961,-1.771911,2.820867
-13.484122,7.518337,-1.764070,2.828314
-13.493878,7.474384,-1.756076,2.828988
-13.503285,7.430114,-1.747649,2.834115
-13.512363,7.385545,-1.739122,2.833301
-13.521084,7.340686,-1.730211,2.832978
-13.529464,7.295554,-1.721248,2.828215
-13.537473,7.250157,-1.711942,2.848900
-13.545129,7.204511,-1.702622,2.861169
-13.552399,7.158623,-1.692994,2.845430
-13.559324,7.112511,-1.683680,2.833298
-13.565944,7.066193,-1.675147,2.866966
-13.572226,7.019674,-1.666934,2.866082
-13.578191,6.972966,-1.659240,2.864339
-13.583811,6.926076,-1.651655,2.862873
-13.589108,6.879016,-1.644423,2.865457
-13.594057,6.831791,-1.637165,2.865344
-13.598683,6.784413,-1.630158,2.872090
-13.602960,6.736889,-1.623044,2.877632
-13.606938,6.689229,-1.616423,2.890712
-13.610666,6.641445,-1.610743,2.894875
-13.614117,6.593542,-1.605506,2.899994
-13.617320,6.545528,-1.600897,2.900650
-13.620254,6.497407,-1.596477,2.904690
-13.622949,6.449186,-1.592484,2.905719
-13.625386,6.400871,-1.588522,2.910033
-13.627596,6.352468,-1.584861,2.911239
-13.629560,6.303980,-1.581131,2.916068
-13.631309,6.255415,-1.577629,2.919235
-13.632823,6.206774,-1.573999,2.931441
-13.634158,6.158065,-1.570863,2.940176
-13.635367,6.109292,-1.568688,2.949385
-13.636429,6.060458,-1.566970,2.951865
-13.637376,6.011566,-1.565902,2.955944
-13.638189,5.962620,-1.565042,2.958019
-13.638904,5.913623,-1.564633,2.962400
-13.639503,5.864576,-1.564272,2.964736
-13.640022,5.815484,-1.564237,2.968581
-13.640444,5.766347,-1.564150,2.970531
-13.640804,5.717169,-1.564312,2.976952
-13.641083,5.667952,-1.564363,2.980317
-13.641315,5.618697,-1.564616,2.979359
-13.641481,5.569406,-1.564723,2.979473
-13.641613,5.520082,-1.565006,2.984727
-13.641691,5.470725,-1.565124,2.983318
-13.641746,5.421338,-1.565404,2.971993
-13.641730,5.371921,-1.565192,2.956784
-13.641572,5.322478,-1.563682,2.932475
-13.641200,5.273008,-1.560231,2.917822
-13.640540,5.224005,-1.553969,2.914999
-13.639650,5.175446,-1.546242,2.919232
-13.638578,5.126822,-1.538547,2.926583
-13.637279,5.078139,-1.530600,2.931478
-13.635787,5.029400,-1.523074,2.949505
-13.634160,4.980606,-1.516786,2.965284
-13.632458,4.931758,-1.512383,2.988321
-13.630746,4.882858,-1.510377,2.999360
-13.629068,4.833905,-1.510859,2.986792
-13.627402,4.784904,-1.513017,2.977076
-13.625809,4.735854,-1.517106,2.961141
-13.624357,4.686755,-1.523295,2.951200
-13.623038,4.637611,-1.530835,2.943854
-13.621905,4.588423,-1.539725,2.941333
-13.620933,4.539193,-1.549048,2.940514
-13.620103,4.489924,-1.558104,2.936106
-13.619469,4.440618,-1.567221,2.928636
-13.619033,4.391277,-1.576061,2.923118
-13.618843,4.341904,-1.584962,2.924032
-13.618868,4.292500,-1.593278,2.925955
-13.619075,4.243068,-1.600526,2.928886
-13.619508,4.193610,-1.607213,2.930671
-13.620123,4.144129,-1.612827,2.944745
-13.620880,4.094626,-1.616996,2.951198
-13.621807,4.045102,-1.620312,2.945610
-13.622879,3.995558,-1.622651,2.941391
-13.624116,3.945997,-1.624517,2.962685
-13.625459,3.896419,-1.625397,2.971819
-13.626850,3.846823,-1.624911,2.980649
-13.628307,3.797211,-1.623649,2.984915
-13.629788,3.747582,-1.621478,2.991051
-13.631307,3.697937,-1.618900,2.995382
-13.632820,3.648277,-1.615711,2.997952
-13.634338,3.598601,-1.612351,2.993156
-13.635817,3.548910,-1.608568,2.986656
-13.637267,3.499205,-1.604766,2.982106
-13.638647,3.449484,-1.600659,2.976739
-13.639970,3.399750,-1.596625,2.974461
-13.641194,3.350001,-1.592357,2.980337
-13.642361,3.300240,-1.588536,2.985030
-13.643509,3.250467,-1.585671,2.984534
-13.644600,3.200683,-1.583274,2.981260
-13.645655,3.150889,-1.581560,2.982914
-13.646644,3.101084,-1.580090,2.982105
-13.647592,3.051269,-1.579118,2.981672
-13.648474,3.001445,-1.578239,2.981703
-13.649316,2.951612,-1.577737,2.982753
-13.650096,2.901771,-1.577229,2.983414
-13.650843,2.851921,-1.577016,2.984846
-13.651534,2.802064,-1.576734,2.985577
-13.652198,2.752200,-1.576696,2.987088
-13.652812,2.702330,-1.576545,2.987932
-13.653407,2.652452,-1.576607,2.989246
-13.653958,2.602569,-1.576530,2.989931
-13.654497,2.552681,-1.576644,2.992086
-13.654997,2.502786,-1.576604,2.993162
-13.655490,2.452887,-1.576743,2.992752
-13.655951,2.402983,-1.576719,2.992850
-13.656408,2.353074,-1.576866,2.994213
-13.656838,2.303161,-1.576844,2.992464
-13.657267,2.253243,-1.576990,2.984588
-13.657646,2.203322,-1.576645,2.977126
-13.657925,2.153396,-1.575314,2.971685
-13.658133,2.103466,-1.573499,2.969972
-13.658241,2.053533,-1.570996,2.968760
-13.658273,2.003596,-1.568251,2.966567
-13.658195,1.953657,-1.565013,2.960998
-13.658029,1.903715,-1.561693,2.952686
-13.657714,1.853770,-1.557688,2.938894
-13.657193,1.803825,-1.552550,2.930150
-13.656486,1.753880,-1.546818,2.933102
-13.655557,1.703936,-1.540317,2.934715
-13.654420,1.653994,-1.533516,2.921250
-13.653036,1.604056,-1.526183,2.903109
-13.651419,1.554123,-1.518740,2.913288
-13.649529,1.504198,-1.510916,2.906567
-13.647379,1.454282,-1.503104,2.891904
-13.644906,1.404378,-1.494687,2.879352
-13.642047,1.354494,-1.485204,2.869810
-13.638819,1.304630,-1.475183,2.863201
-13.635183,1.254794,-1.464441,2.855416
-13.631151,1.204986,-1.453438,2.843766
-13.626657,1.155216,-1.441617,2.829796
-13.621635,1.105496,-1.428560,2.818860
-13.616100,1.055829,-1.414835,2.807067
-13.610009,1.006225,-1.400286,2.791907
-13.603371,0.956691,-1.385400,2.797137
-13.596169,0.907716,-1.367920,2.794844
-13.588403,0.859790,-1.346024,2.743216
-13.580118,0.812917,-1.320931,2.652917
-13.571229,0.767123,-1.292274,2.644963
-13.561624,0.722447,-1.259378,2.587262
-13.551194,0.678933,-1.221729,2.491876
-13.539838,0.636636,-1.178941,2.415043
-13.527456,0.595621,-1.130734,2.309108
-13.513955,0.555965,-1.076916,2.216802
-13.499247,0.517758,-1.017376,2.095891
-13.483255,0.481106,-0.952073,1.995702
-13.465937,0.446120,-0.881363,1.883895
-13.447324,0.412892,-0.806388,1.785351
-13.427452,0.381523,-0.728154,1.620865
-13.406365,0.352119,-0.647481,1.435544
-13.384126,0.324793,-0.565067,1.409779
-13.360207,0.299411,-0.490590,1.435746
-13.334190,0.275818,-0.429879,1.196959
-13.306352,0.254026,-0.379316,1.078120
-13.276746,0.233873,-0.339297,1.630724
-13.245432,0.215142,-0.309251,1.771838
-13.212647,0.197708,-0.286027,1.965215
-13.178585,0.181444,-0.267521,2.083581
-13.143408,0.166226,-0.252363,2.257391
-13.107247,0.151930,-0.239695,2.347033
-13.070215,0.138441,-0.229014,2.476166
-13.032405,0.125644,-0.220061,2.541151
-12.993899,0.113434,-0.212739,2.625384
-12.954760,0.101726,-0.206805,2.660057
-12.915027,0.090502,-0.201421,2.701259
-12.874747,0.079707,-0.196472,2.717209
-12.833949,0.069332,-0.191412,2.774894
-12.792671,0.059331,-0.186351,2.803647
-12.750936,0.049706,-0.180894,2.787481
-12.708775,0.040420,-0.175268,2.772601
-12.666207,0.031482,-0.169154,2.823457
-12.623258,0.022862,-0.162837,2.827658
-12.579944,0.014577,-0.156030,2.832205
-12.536286,0.006602,-0.149046,2.833944
-12.492297,-0.001041,-0.141608,2.841113
-12.447998,-0.008374,-0.134040,2.843991
-12.403399,-0.015371,-0.126064,2.857627
-12.358522,-0.022076,-0.118293,2.865416
-12.313385,-0.028528,-0.111190,2.874664
-12.267998,-0.034700,-0.104315,2.875233
-12.222376,-0.040612,-0.097870,2.878428
-12.176525,-0.046239,-0.091464,2.878099
-12.130461,-0.051602,-0.085345,2.881297
-12.084191,-0.056678,-0.079150,2.881540
-12.037728,-0.061489,-0.073155,2.888360
-11.991079,-0.066010,-0.067017,2.894304
-11.944257,-0.070291,-0.061330,2.907372
-11.897275,-0.074376,-0.056538,2.911783
-11.850140,-0.078242,-0.052155,2.916592
-11.802859,-0.081914,-0.048364,2.917233
-11.755440,-0.085371,-0.044739,2.920824
-11.707890,-0.088641,-0.041516,2.921901
-11.660216,-0.091705,-0.038306,2.925776
-11.612424,-0.094593,-0.035380,2.926854
-11.564520,-0.097284,-0.032375,2.930424
-11.516510,-0.099808,-0.029584,2.931259
-11.468399,-0.102144,-0.026660,2.933090
-11.420194,-0.104321,-0.023910,2.932578
-11.371898,-0.106318,-0.020995,2.941919
-11.323516,-0.108163,-0.018235,2.946962
-11.275053,-0.109832,-0.015295,2.940411
-11.226513,-0.111355,-0.012499,2.935162
-11.177900,-0.112707,-0.009516,2.956127
-11.129219,-0.113940,-0.006985,2.963791
-11.080474,-0.115107,-0.005384,2.969660
-11.031668,-0.116180,-0.004223,2.971301
-10.982804,-0.117190,-0.003701,2.973973
-10.933885,-0.118117,-0.003382,2.975517
-10.884915,-0.118992,-0.003512,2.978742
-10.835894,-0.119797,-0.003694,2.980726
-10.786827,-0.120566,-0.004206,2.984035
-10.737714,-0.121279,-0.004673,2.985976
-10.688560,-0.121970,-0.005394,2.988985
-10.639364,-0.122619,-0.006011,2.990867
-10.590131,-0.123260,-0.006838,2.994161
-10.540861,-0.123872,-0.007526,2.995792
-10.491557,-0.124486,-0.008397,2.996565
-10.442219,-0.125081,-0.009109,2.998669
-10.392850,-0.125689,-0.009990,2.999190
-10.343451,-0.126287,-0.010701,2.998290
-10.294025,-0.126905,-0.011573,2.997782
-10.244570,-0.127519,-0.012271,2.998985
-10.195091,-0.128159,-0.013127,2.993626
-10.145587,-0.128776,-0.013489,2.986461
-10.096058,-0.129321,-0.012869,2.981225
-10.046507,-0.129824,-0.011766,2.979886
-9.996934,-0.130257,-0.009976,2.979598
-9.947340,-0.130643,-0.007945,2.980281
-9.897726,-0.130951,-0.005424,2.986788
-9.848094,-0.131227,-0.003137,2.992584
-9.798445,-0.131514,-0.001631,2.996247
-9.748779,-0.131779,-0.000451,2.996019
-9.699097,-0.132044,0.000162,2.995324
-9.649399,-0.132281,0.000626,2.995093
-9.599688,-0.132517,0.000667,2.995375
-9.549962,-0.132726,0.000676,2.995762
-9.500224,-0.132937,0.000358,2.996668
-9.450473,-0.133125,0.000084,2.997411
-9.400710,-0.133320,-0.000454,2.998614
-9.350936,-0.133499,-0.000898,2.999450
-9.301151,-0.133690,-0.001567,2.999320
-9.251356,-0.133871,-0.002109,2.998430
-9.201551,-0.134071,-0.002850,2.997358
-9.151737,-0.134266,-0.003446,2.996642
-9.101915,-0.134485,-0.004225,2.996414
-9.052083,-0.134704,-0.004846,2.997812
-9.002244,-0.134952,-0.005643,2.994529
-8.952398,-0.135178,-0.005954,2.987264
-8.902543,-0.135334,-0.005286,2.981860
-8.852682,-0.135448,-0.004138,2.980423
-8.802814,-0.135493,-0.002306,2.980002
-8.752940,-0.135491,-0.000234,2.980610
-8.703060,-0.135411,0.002329,2.987043
-8.653174,-0.135299,0.004653,2.992806
-8.603283,-0.135199,0.006191,2.996346
-8.553386,-0.135077,0.007398,2.996013
-8.503485,-0.134954,0.008034,2.995281
-8.453579,-0.134803,0.008517,2.995048
-8.403669,-0.134651,0.008574,2.995249
-8.353754,-0.134471,0.008597,2.995583
-8.303835,-0.134292,0.008289,2.996482
-8.253913,-0.134090,0.008023,2.997269
-8.203987,-0.133894,0.007491,2.998659
-8.154058,-0.133681,0.007052,2.999388
-8.104125,-0.133481,0.006385,2.999983
-8.054189,-0.133270,0.005845,2.998458
-8.004250,-0.133077,0.005103,2.997456
-7.954308,-0.132878,0.004507,2.996693
-7.904363,-0.132704,0.003725,2.995757
-7.854416,-0.132529,0.003102,2.995064
-7.804466,-0.132382,0.002303,2.994257
-7.754513,-0.132240,0.001669,2.993616
-7.704559,-0.132129,0.000864,2.992971
-7.654602,-0.132027,0.000230,2.992437
-7.604643,-0.131960,-0.000573,2.992035
-7.554682,-0.131903,-0.001204,2.991549
-7.504719,-0.131884,-0.002001,2.990955
-7.454754,-0.131878,-0.002626,2.990323
-7.404788,-0.131912,-0.003416,2.991145
-7.354820,-0.131960,-0.004034,2.991688
-7.304851,-0.132050,-0.004818,2.990348
-7.254880,-0.132155,-0.005429,2.988214
-7.204908,-0.132304,-0.006207,2.989886
-7.154935,-0.132469,-0.006813,2.989704
-7.104961,-0.132679,-0.007585,2.989467
-7.054985,-0.132905,-0.008186,2.989251
-7.005009,-0.133177,-0.008953,2.989956
-6.955031,-0.133466,-0.009550,2.991858
-6.905053,-0.133801,-0.010314,2.999699
-6.855074,-0.134128,-0.010587,2.992035
-6.805094,-0.134398,-0.009874,2.985973
-6.755112,-0.134637,-0.008680,2.984116
-6.705129,-0.134817,-0.006799,2.981976
-6.655146,-0.134959,-0.004679,2.979668
-6.605161,-0.135031,-0.002068,2.980218
-6.555176,-0.135051,0.000623,2.981921
-6.505190,-0.134986,0.003677,2.982432
-6.455204,-0.134881,0.006388,2.988167
-6.405217,-0.134778,0.008226,2.993276
-6.355229,-0.134642,0.009665,2.992843
-6.305241,-0.134496,0.010479,2.991969
-6.255252,-0.134312,0.011096,2.991701
-6.205263,-0.134117,0.011251,2.992071
-6.155273,-0.133885,0.011345,2.992549
-6.105283,-0.133645,0.011087,2.993801
-6.055293,-0.133375,0.010855,2.994685
-6.005303,-0.133104,0.010342,2.996098
-5.955312,-0.132809,0.009913,2.997079
-5.905320,-0.132520,0.009250,2.998610
-5.855329,-0.132215,0.008707,2.999709
-5.805337,-0.131923,0.007959,2.999034
-5.755344,-0.131621,0.007354,2.998420
-5.705352,-0.131340,0.006561,2.997467
-5.655359,-0.131055,0.005926,2.995643
-5.605365,-0.130795,0.005114,2.995275
-5.555371,-0.130536,0.004468,2.994600
-5.505377,-0.130307,0.003651,2.993717
-5.455383,-0.130084,0.003005,2.993105
-5.405388,-0.129895,0.002191,2.992595
-5.355393,-0.129714,0.001549,2.992089
-5.305397,-0.129570,0.000742,2.991620
-5.255402,-0.129437,0.000108,2.991141
-5.205406,-0.129344,-0.000691,2.990887
-5.155409,-0.129264,-0.001317,2.990547
-5.105413,-0.129225,-0.002108,2.990092
-5.055417,-0.129200,-0.002726,2.989436
-5.005420,-0.129219,-0.003510,2.990438
-4.955423,-0.129254,-0.004120,2.991140
-4.905426,-0.129332,-0.004898,2.989800
-4.855429,-0.129427,-0.005503,2.987646
-4.805432,-0.129567,-0.006274,2.989509
-4.755434,-0.129725,-0.006874,2.989425
-4.705437,-0.129927,-0.007642,2.989905
-4.655440,-0.130149,-0.008237,2.991816
-4.605443,-0.130415,-0.009001,2.999747
-4.555446,-0.130674,-0.009274,2.992148
-4.505448,-0.130876,-0.008560,2.986119
-4.455450,-0.131048,-0.007365,2.984311
-4.405452,-0.131161,-0.005482,2.983272
-4.355454,-0.131236,-0.003361,2.983569
-4.305456,-0.131240,-0.000748,2.989535
-4.255457,-0.131220,0.001624,2.995024
-4.205459,-0.131217,0.003206,2.998225
-4.155460,-0.131197,0.004453,2.997762
-4.105462,-0.131182,0.005126,2.996656
-4.055463,-0.131142,0.005643,2.996188
-4.005464,-0.131103,0.005729,2.996235
-3.955465,-0.131040,0.005778,2.996516
-3.905467,-0.130980,0.005493,2.997288
-3.855468,-0.130899,0.005248,2.997946
-3.805469,-0.130827,0.004733,2.998988
-3.755470,-0.130738,0.004309,2.999774
-3.705471,-0.130664,0.003656,2.999140
-3.655472,-0.130579,0.003127,2.998340
-3.605473,-0.130513,0.002394,2.997224
-3.555473,-0.130443,0.001806,2.996423
-3.505474,-0.130398,0.001031,2.995415
-3.455475,-0.130352,0.000413,2.994537
-3.405476,-0.130336,-0.000382,2.994461
-3.355476,-0.130324,-0.001012,2.994533
-3.305477,-0.130344,-0.001814,2.993306
-3.255478,-0.130372,-0.002447,2.991193
-3.205478,-0.130437,-0.003248,2.992080
-3.155479,-0.130511,-0.003878,2.991694
-3.105479,-0.130624,-0.004675,2.991142
-3.055480,-0.130750,-0.005299,2.990731
-3.005481,-0.130916,-0.006089,2.990534
-2.955482,-0.131097,-0.006707,2.990276
-2.905482,-0.131319,-0.007492,2.990824
-2.855483,-0.131557,-0.008104,2.992623
-2.805485,-0.131839,-0.008882,2.999032
-2.755486,-0.132110,-0.009168,2.991482
-2.705487,-0.132323,-0.008467,2.985552
-2.655487,-0.132505,-0.007282,2.983764
-2.605488,-0.132625,-0.005410,2.982877
-2.555488,-0.132707,-0.003297,2.983259
-2.505488,-0.132718,-0.000692,2.989225
-2.455489,-0.132702,0.001673,2.994753
-2.405489,-0.132704,0.003248,2.997979
-2.355489,-0.132688,0.004491,2.997491
-2.305489,-0.132675,0.005158,2.996501
-2.255490,-0.132638,0.005671,2.996086
-2.205490,-0.132602,0.005753,2.996102
-2.155490,-0.132540,0.005799,2.996420
-2.105490,-0.132482,0.005511,2.997211
-2.055490,-0.132403,0.005264,2.997828
-2.005491,-0.132331,0.004747,2.998908
-1.955491,-0.132244,0.004321,2.999716
-1.905491,-0.132170,0.003666,2.999092
-1.855491,-0.132086,0.003135,2.998150
-1.805492,-0.132021,0.002401,2.997384
-1.755492,-0.131951,0.001812,2.997040
-1.705492,-0.131906,0.001036,2.996017
-1.655492,-0.131861,0.000418,2.994120
-1.605492,-0.131845,-0.000378,2.994199
-1.555492,-0.131833,-0.001009,2.993669
-1.505492,-0.131854,-0.001811,2.992954
-1.455493,-0.131882,-0.002444,2.992391
-1.405493,-0.131947,-0.003246,2.991932
-1.355493,-0.132021,-0.003876,2.991467
-1.305493,-0.132135,-0.004673,2.991139
-1.255493,-0.132260,-0.005298,2.990738
-1.205494,-0.132427,-0.006088,2.990523
-1.155494,-0.132607,-0.006707,2.990245
-1.105495,-0.132830,-0.007491,2.990840
-1.055495,-0.133068,-0.008103,2.992671
-1.005496,-0.133349,-0.008881,2.999047
-0.955497,-0.133621,-0.009167,2.991478
-0.905497,-0.133834,-0.008466,2.985521
-0.855498,-0.134015,-0.007282,2.983745
-0.805498,-0.134136,-0.005410,2.982116
-0.755498,-0.134218,-0.003297,2.980384
-0.705498,-0.134228,-0.000692,2.978719
-0.655498,-0.134187,0.001994,2.978517
-0.605498,-0.134059,0.005043,2.984161
-0.555499,-0.133891,0.007750,2.989503
-0.505499,-0.133724,0.009585,2.992838
-0.455500,-0.133524,0.011022,2.992481
-0.405500,-0.133314,0.011833,2.991821
-0.355501,-0.133065,0.012448,2.991580
-0.305501,-0.132805,0.012602,2.991899
-0.255502,-0.132508,0.012694,2.992317
-0.205503,-0.132203,0.012434,2.994177
-0.155504,-0.131867,0.012201,2.995240
-0.105506,-0.131530,0.011687,2.995390
-0.055507,-0.131168,0.011257,2.996669
-0.005508,-0.130814,0.010593,2.998825
0.044490,-0.130442,0.010049,2.999719
0.094489,-0.130084,0.009300,2.999043
0.144488,-0.129717,0.008695,2.998184
0.194486,-0.129369,0.007901,2.997086
0.244485,-0.129017,0.007266,2.996227
0.294484,-0.128690,0.006453,2.995199
0.344483,-0.128365,0.005807,2.994474
0.394482,-0.128070,0.004990,2.993775
0.444481,-0.127780,0.004343,2.993188
0.494481,-0.127524,0.003528,2.992615
0.544480,-0.127276,0.002886,2.992054
0.594480,-0.127065,0.002079,2.991578
0.644479,-0.126866,0.001444,2.991157
0.694479,-0.126706,0.000645,2.990921
0.744479,-0.126559,0.000019,2.990542
0.794478,-0.126453,-0.000773,2.990293
0.844478,-0.126362,-0.001391,2.989931
0.894478,-0.126314,-0.002175,2.989831
0.944478,-0.126282,-0.002786,2.989586
0.994478,-0.126294,-0.003563,2.989574
1.044478,-0.126322,-0.004169,2.989291
1.094478,-0.126395,-0.004941,2.989226
1.144478,-0.126486,-0.005541,2.988985
1.194478,-0.126622,-0.006308,2.989056
1.244478,-0.126777,-0.006904,2.988885
1.294477,-0.126977,-0.007668,2.988707
1.344477,-0.127195,-0.008261,2.988193
1.394476,-0.127460,-0.009022,2.989510
1.444475,-0.127744,-0.009612,2.990401
1.494474,-0.128073,-0.010370,2.989329
1.544473,-0.128422,-0.010959,2.990164
1.594471,-0.128818,-0.011716,2.999413
1.644470,-0.129206,-0.011982,2.992031
1.694469,-0.129538,-0.011264,2.986264
1.744468,-0.129841,-0.010064,2.984390
1.794467,-0.130084,-0.008177,2.982655
1.844467,-0.130291,-0.006051,2.980868
1.894467,-0.130427,-0.003436,2.979089
1.944467,-0.130512,-0.000740,2.978890
1.994467,-0.130512,0.002318,2.984501
2.044467,-0.130473,0.005033,2.989758
2.094466,-0.130435,0.006874,2.992908
2.144466,-0.130365,0.008317,2.992409
2.194466,-0.130286,0.009133,2.992537
2.244466,-0.130168,0.009753,2.992746
2.294466,-0.130039,0.009910,2.991691
2.344466,-0.129873,0.010006,2.991510
2.394465,-0.129700,0.009749,2.994202
2.444465,-0.129496,0.009518,2.994975
2.494465,-0.129291,0.009007,2.996193
2.544464,-0.129063,0.008579,2.997133
2.594464,-0.128841,0.007916,2.998555
2.644463,-0.128602,0.007374,2.999572
2.694463,-0.128377,0.006626,2.999069
2.744462,-0.128142,0.006021,2.998150
2.794462,-0.127927,0.005229,2.996984
2.844461,-0.127708,0.004594,2.996130
2.894461,-0.127515,0.003782,2.995053
2.944460,-0.127323,0.003136,2.994183
2.994460,-0.127161,0.002319,2.994126
3.044460,-0.127004,0.001673,2.994175
3.094460,-0.126881,0.000859,2.992910
3.144459,-0.126767,0.000217,2.990875
3.194459,-0.126690,-0.000590,2.991763
3.244459,-0.126623,-0.001224,2.991181
3.294459,-0.126597,-0.002024,2.990380
3.344459,-0.126583,-0.002650,2.990614
3.394459,-0.126611,-0.003441,2.991200
3.444459,-0.126653,-0.004059,2.990934
3.494459,-0.126738,-0.004843,2.989538
3.544459,-0.126839,-0.005454,2.989029
3.594459,-0.126984,-0.006231,2.989356
3.644459,-0.127146,-0.006836,2.989221
3.694458,-0.127353,-0.007608,2.989016
3.744458,-0.127577,-0.008208,2.988591
3.794457,-0.127847,-0.008976,2.990436
3.844456,-0.128134,-0.009572,2.993171
3.894455,-0.128468,-0.010335,2.997474
3.944454,-0.128793,-0.010608,2.990995
3.994453,-0.129062,-0.009895,2.986311
4.044453,-0.129301,-0.008699,2.984619
4.094452,-0.129480,-0.006817,2.983334
4.144452,-0.129622,-0.004695,2.983607
4.194452,-0.129693,-0.002083,2.989521
4.244452,-0.129739,0.000290,2.995041
4.294452,-0.129803,0.001872,2.998236
4.344452,-0.129850,0.003119,2.997735
4.394452,-0.129901,0.003792,2.996659
4.444452,-0.129928,0.004309,2.996198
4.494452,-0.129956,0.004395,2.996184
4.544452,-0.129959,0.004444,2.996505
4.594452,-0.129966,0.004159,2.997551
4.644452,-0.129952,0.003914,2.998133
4.694452,-0.129946,0.003399,2.998439
4.744452,-0.129924,0.002976,2.999753
4.794452,-0.129916,0.002322,2.998920
4.844452,-0.129898,0.001793,2.998225
4.894452,-0.129900,0.001060,2.997295
4.944452,-0.129896,0.000472,2.996522
4.994452,-0.129917,-0.000303,2.995539
5.044452,-0.129938,-0.000921,2.994822
5.094452,-0.129989,-0.001716,2.994120
5.144452,-0.130043,-0.002346,2.993534
5.194452,-0.130131,-0.003148,2.992948
5.244452,-0.130225,-0.003781,2.992353
5.294452,-0.130356,-0.004582,2.991672
5.344451,-0.130498,-0.005212,2.991028
5.394451,-0.130677,-0.006008,2.991659
5.444451,-0.130870,-0.006633,2.992161
5.494450,-0.131103,-0.007423,2.991204
5.544449,-0.131350,-0.008041,2.992117
5.594449,-0.131639,-0.008826,2.998141
5.644448,-0.131917,-0.009117,2.990928
5.694447,-0.132136,-0.008421,2.985258
5.744447,-0.132323,-0.007242,2.983493
5.794447,-0.132447,-0.005374,2.982667
5.844447,-0.132533,-0.003265,2.983074
5.894447,-0.132547,-0.000664,2.989056
5.944447,-0.132534,0.001698,2.994599
5.994447,-0.132538,0.003270,2.997905
6.044447,-0.132524,0.004510,2.997444
6.094447,-0.132514,0.005175,2.996298
6.144447,-0.132478,0.005685,2.995825
6.194447,-0.132443,0.005766,2.996349
6.244447,-0.132382,0.005810,2.996794
6.294447,-0.132325,0.005521,2.996715
6.344447,-0.132246,0.005272,2.997529
6.394447,-0.132176,0.004754,2.999068
6.444447,-0.132089,0.004327,2.999748
6.494446,-0.132015,0.003671,2.999167
6.544446,-0.131932,0.003140,2.998349
6.594446,-0.131867,0.002405,2.997301
6.644446,-0.131798,0.001816,2.996522
6.694446,-0.131753,0.001039,2.995617
6.744446,-0.131708,0.000420,2.994912
6.794446,-0.131692,-0.000376,2.994142
6.844446,-0.131680,-0.001007,2.993497
6.894446,-0.131701,-0.001810,2.992685
6.944446,-0.131730,-0.002443,2.991836
6.994446,-0.131794,-0.003245,2.992040
7.044446,-0.131869,-0.003875,2.992659
7.094446,-0.131982,-0.004672,2.991989
7.144446,-0.132108,-0.005297,2.990478
7.194446,-0.132274,-0.006088,2.990849
7.244445,-0.132455,-0.006706,2.992994
7.294445,-0.132677,-0.007491,2.998682
7.344444,-0.132889,-0.007782,2.991141
7.394444,-0.133041,-0.007087,2.984747
7.444444,-0.133161,-0.005908,2.982186
7.494444,-0.133219,-0.004040,2.981918
7.544444,-0.133239,-0.001931,2.982550
7.594444,-0.133185,0.000670,2.979949
7.644444,-0.133080,0.003352,2.974429
7.694443,-0.132888,0.006399,2.966410
7.744443,-0.132629,0.009424,2.957393
7.794441,-0.132241,0.013051,2.951048
7.844438,-0.131669,0.017745,2.948801
7.894432,-0.130931,0.022981,2.936442
7.944423,-0.129992,0.028945,2.918613
7.994411,-0.128868,0.035177,2.918682
8.044392,-0.127493,0.042237,2.906943
8.094363,-0.125805,0.050541,2.894897
8.144324,-0.123819,0.059523,2.887845
8.194270,-0.121493,0.069337,2.878766
8.244199,-0.118838,0.079496,2.866753
8.294105,-0.115784,0.090542,2.851368
8.343981,-0.112264,0.102874,2.840210
8.393822,-0.108287,0.115912,2.832511
8.443621,-0.103809,0.129803,2.824748
8.493373,-0.098836,0.144053,2.817629
8.543068,-0.093321,0.158874,2.806964
8.592700,-0.087271,0.173831,2.788914
8.641782,-0.080664,0.191190,2.766912
8.689823,-0.073494,0.212789,2.737411
8.736820,-0.065805,0.237446,2.704598
8.782748,-0.057511,0.265553,2.643677
8.827571,-0.048500,0.297805,2.583514
8.871245,-0.038663,0.334732,2.497386
8.913719,-0.027898,0.376732,2.422426
8.954931,-0.016106,0.424096,2.318593
8.994806,-0.003192,0.477023,2.227407
9.033257,0.010931,0.535632,2.108076
9.070181,0.026343,0.599969,2.009313
9.105470,0.043085,0.669687,1.898446
9.139035,0.061131,0.743646,1.803343
9.170776,0.080446,0.820850,1.674996
9.200590,0.100989,0.900481,1.533331
9.228364,0.122701,0.981848,1.329186
9.254249,0.146108,1.055401,1.205442
9.278414,0.171623,1.115383,1.254546
9.300844,0.198976,1.165347,1.345542
9.321699,0.228114,1.204888,1.586675
9.341196,0.258979,1.234562,1.736990
9.359454,0.291333,1.257472,1.974071
9.376593,0.324980,1.275693,2.095387
9.392735,0.359761,1.290573,2.269715
9.407998,0.395540,1.302959,2.358518
9.422496,0.432204,1.313344,2.486288
9.436338,0.469658,1.321985,2.550290
9.449630,0.507818,1.328975,2.629368
9.462453,0.546618,1.334559,2.656584
9.474805,0.586027,1.339832,2.684997
9.486677,0.626015,1.345576,2.694899
9.498118,0.666538,1.351640,2.752509
9.509126,0.707569,1.358368,2.781621
9.519739,0.749073,1.365499,2.760743
9.529945,0.791030,1.373311,2.740279
9.539773,0.833410,1.381492,2.794802
9.549203,0.876197,1.390299,2.797803
9.558257,0.919365,1.399401,2.804177
9.566911,0.962901,1.409054,2.810789
9.575204,1.006779,1.418638,2.826778
9.583177,1.050974,1.427687,2.830986
9.590799,1.095477,1.436621,2.836921
9.598089,1.140269,1.445226,2.836330
9.605018,1.185341,1.453878,2.840858
9.611607,1.230675,1.462324,2.842121
9.617827,1.276262,1.470911,2.851878
9.623722,1.322083,1.479067,2.857018
9.629337,1.368122,1.486364,2.880170
9.634642,1.414371,1.493285,2.889935
9.639662,1.460816,1.499652,2.874659
9.644372,1.507451,1.505887,2.858527
9.648799,1.554263,1.511757,2.888949
9.652920,1.601246,1.517647,2.895142
9.656786,1.648385,1.522986,2.905789
9.660447,1.695669,1.527351,2.910699
9.663881,1.743094,1.531250,2.916536
9.667118,1.790649,1.534511,2.917986
9.670138,1.838329,1.537575,2.922633
9.672973,1.886127,1.540212,2.924443
9.675606,1.934037,1.542820,2.929290
9.678069,1.982052,1.545131,2.930975
9.680345,2.030168,1.547514,2.933980
9.682464,2.078379,1.549677,2.934343
9.684408,2.126679,1.551971,2.944529
9.686208,2.175064,1.554089,2.949993
9.687844,2.223531,1.556370,2.944220
9.689345,2.272073,1.558498,2.937693
9.690690,2.320688,1.560806,2.950788
9.691909,2.369371,1.562970,2.953391
9.692977,2.418120,1.565322,2.962477
9.693950,2.466930,1.567221,2.970605
9.694878,2.515797,1.568188,2.978231
9.695737,2.564718,1.568715,2.980341
9.696558,2.613692,1.568600,2.983185
9.697320,2.662714,1.568281,2.984985
9.698057,2.711783,1.567511,2.988271
9.698750,2.760897,1.566688,2.990395
9.699433,2.810053,1.565535,2.992750
9.700089,2.859249,1.564425,2.992202
9.700750,2.908483,1.563059,2.988150
9.701372,2.957754,1.562112,2.984422
9.701912,3.007060,1.562088,2.979052
9.702403,3.056400,1.562506,2.974905
9.702822,3.105771,1.563580,2.979399
9.703195,3.155173,1.564876,2.979090
9.703495,3.204604,1.566649,2.978695
9.703745,3.254062,1.568499,2.979604
9.703916,3.303546,1.570707,2.986766
9.704054,3.353054,1.572581,2.993203
9.704207,3.402586,1.573596,2.997775
9.704342,3.452141,1.574225,2.998199
9.704484,3.501716,1.574244,2.998422
9.704608,3.551312,1.574079,2.998868
9.704742,3.600926,1.573467,2.999931
9.704863,3.650560,1.572805,2.998749
9.705002,3.700210,1.571805,2.997468
9.705135,3.749877,1.570841,2.996715
9.705295,3.799560,1.569608,2.995065
9.705458,3.849258,1.568467,2.991937
9.705657,3.898970,1.567100,2.992107
9.705869,3.948696,1.565861,2.993104
9.706125,3.998435,1.564423,2.999986
9.706374,4.048186,1.563452,2.993316
9.706572,4.097949,1.563446,2.988555
9.706748,4.147723,1.563910,2.987557
9.706876,4.197509,1.565052,2.986849
9.706980,4.247304,1.566429,2.985734
9.707029,4.297110,1.568293,2.984091
9.707045,4.346924,1.570238,2.982353
9.706995,4.396748,1.572546,2.979763
9.706901,4.446579,1.574835,2.977215
9.706730,4.496419,1.577406,2.977575
9.706501,4.546266,1.579894,2.977779
9.706182,4.596119,1.582614,2.972961
9.705796,4.645980,1.585211,2.965926
9.705308,4.695845,1.588010,2.969512
9.704743,4.745717,1.590660,2.967926
9.704068,4.795592,1.593494,2.965732
9.703305,4.845473,1.596165,2.963721
9.702426,4.895356,1.599009,2.959064
9.701452,4.945244,1.601682,2.951802
9.700328,4.995132,1.604842,2.941331
9.699002,5.045021,1.608980,2.935871
9.697497,5.094909,1.613591,2.936529
9.695784,5.144795,1.618881,2.939725
9.693906,5.194678,1.624082,2.946283
9.691908,5.244561,1.628614,2.946767
9.689751,5.294441,1.632908,2.952951
9.687458,5.344318,1.636703,2.957752
9.684998,5.394191,1.640401,2.958010
9.682421,5.444061,1.643395,2.974660
9.679802,5.493932,1.644916,2.991946
9.677216,5.543807,1.644347,2.973063
9.674743,5.593691,1.641201,2.952827
9.672441,5.643586,1.635414,2.942870
9.670299,5.693490,1.627838,2.933254
9.668365,5.743405,1.618549,2.925586
9.666641,5.793330,1.608221,2.918283
9.665185,5.843266,1.596787,2.914444
9.663975,5.893210,1.585122,2.913426
9.662993,5.943162,1.573893,2.910368
9.662299,5.993120,1.562735,2.912440
9.661867,6.043082,1.552281,2.916809
9.661644,6.093048,1.543322,2.933480
9.661601,6.143016,1.536166,2.940787
9.661780,6.192985,1.530158,2.936067
9.662135,6.242955,1.525695,2.936753
9.662618,6.292925,1.523061,2.957749
9.663254,6.342894,1.521578,2.965684
9.663981,6.392864,1.521632,2.979696
9.664737,6.442834,1.523495,2.989794
9.665535,6.492805,1.526483,2.992526
9.666301,6.542777,1.530978,2.978677
9.666964,6.592752,1.537250,2.963559
9.667527,6.642729,1.544614,2.954724
9.667937,6.692709,1.553132,2.943746
9.668192,6.742690,1.562240,2.934627
9.668234,6.792673,1.572100,2.921401
9.668062,6.842656,1.582230,2.909548
9.667620,6.892639,1.592855,2.906891
9.666908,6.942619,1.603548,2.901702
9.665848,6.992594,1.614897,2.872284
9.664365,7.042558,1.627345,2.833647
9.662466,7.092509,1.640345,2.850241
9.660100,7.142441,1.654071,2.841913
9.657271,7.192349,1.668052,2.830408
9.653931,7.242226,1.682522,2.821676
9.650083,7.292067,1.697058,2.814830
9.645682,7.341863,1.711934,2.806906
9.640734,7.391608,1.726761,2.800786
9.635195,7.441290,1.741836,2.791051
9.629076,7.490906,1.756792,2.775569
9.622364,7.539964,1.774058,2.754573
9.615063,7.587977,1.795581,2.719564
9.607219,7.634940,1.820159,2.678353
9.598751,7.680828,1.848173,2.656356
9.589550,7.725603,1.880308,2.632994
9.579510,7.769223,1.917087,2.517529
9.568533,7.811634,1.958904,2.325595
9.556522,7.852773,2.006045,2.328841
9.543386,7.892567,2.058708,2.242773
9.529041,7.930927,2.117010,2.104832
9.513410,7.967749,2.180999,2.000055
9.496447,8.002923,2.250426,1.877367
9.478144,8.036339,2.324663,1.771120
9.458549,8.067899,2.402531,1.610975
9.437714,8.097498,2.483101,1.456123
9.415152,8.125319,2.557188,1.344873
9.390464,8.151546,2.619013,1.327714
9.363887,8.176137,2.671556,1.432114
9.335657,8.199100,2.716848,1.506437
9.305793,8.220603,2.753722,1.847474
9.274319,8.240858,2.782103,2.041080
9.241441,8.259966,2.804476,2.025004
9.207336,8.278036,2.822514,2.066594
9.172151,8.295179,2.837316,2.366999
9.136011,8.311505,2.849574,2.436636
9.099024,8.327120,2.859694,2.515167
9.061275,8.342111,2.868138,2.555700
9.022816,8.356500,2.875888,2.612777
8.983706,8.370345,2.883165,2.637667
8.943984,8.383657,2.890578,2.677418
8.903698,8.396483,2.898065,2.693656
8.862877,8.408823,2.906041,2.714588
8.821559,8.420715,2.914296,2.716221
8.779766,8.432148,2.923150,2.757893
8.737531,8.443152,2.932321,2.794372
8.694869,8.453707,2.942090,2.797144
8.651815,8.463861,2.951861,2.781789
8.608396,8.473655,2.961180,2.796765
8.564625,8.483064,2.970466,2.806783
8.520523,8.492108,2.979506,2.815434
8.476102,8.500761,2.988669,2.816075
8.431381,8.509044,2.997699,2.821404
8.386370,8.516930,3.006935,2.821590
8.341087,8.524440,3.016093,2.829745
8.295542,8.531546,3.025497,2.835167
8.249755,8.538292,3.034552,2.848976
8.203743,8.544719,3.042813,2.852601
8.157514,8.550799,3.050751,2.858654
8.111082,8.556554,3.058176,2.860428
8.064454,8.561960,3.065502,2.870825
8.017646,8.567064,3.072191,2.877078
7.970672,8.571917,3.077843,2.898824
7.923537,8.576492,3.082982,2.908199
7.876253,8.580821,3.087449,2.896754
7.828825,8.584883,3.091696,2.885120
7.781263,8.588710,3.095502,2.908578
7.733572,8.592284,3.099270,2.909954
7.685762,8.595636,3.102737,2.912031
7.637836,8.598748,3.106275,2.913314
7.589804,8.601653,3.109596,2.917469
7.541669,8.604329,3.113052,2.918655
7.493438,8.606809,3.116336,2.922412
7.445115,8.609071,3.119790,2.923673
7.396706,8.611145,3.123097,2.930441
7.348216,8.613009,3.126591,2.936902
7.299649,8.614717,3.129638,2.948604
7.251012,8.616321,3.131762,2.952820
7.202307,8.617796,3.133456,2.961767
7.153539,8.619174,3.134520,2.966140
7.104711,8.620434,3.135391,2.963210
7.055825,8.621610,3.135821,2.960840
7.006884,8.622683,3.136209,2.970883
6.957892,8.623688,3.136276,2.972797
6.908851,8.624606,3.136395,2.975411
6.859764,8.625470,3.136268,2.977167
6.810633,8.626262,3.136251,2.980275
6.761459,8.627013,3.136030,2.981930
6.712246,8.627705,3.135955,2.984614
6.662996,8.628368,3.135701,2.985971
6.613709,8.628982,3.135610,2.988139
6.564388,8.629577,3.135355,2.989238
6.515035,8.630131,3.135274,2.990994
6.465651,8.630674,3.135034,2.991883
6.416238,8.631183,3.134972,2.993239
6.366796,8.631687,3.134753,2.993904
6.317328,8.632162,3.134714,2.994916
6.267835,8.632637,3.134519,2.995411
6.218318,8.633086,3.134503,2.996287
6.168777,8.633539,3.134329,2.996720
6.119215,8.633971,3.134333,2.997240
6.069632,8.634408,3.134178,2.997492
6.020029,8.634825,3.134199,2.998018
5.970408,8.635251,3.134060,2.998238
5.920768,8.635659,3.134096,2.998470
5.871112,8.636076,3.133970,2.998170
5.821439,8.636477,3.134017,2.994815
5.771750,8.636888,3.133901,2.988963
5.722047,8.637258,3.134276,2.978797
5.672329,8.637536,3.135632,2.974167
5.622597,8.637751,3.137468,2.977909
5.572852,8.637873,3.139987,2.983554
5.523095,8.637949,-3.140759,2.987090
5.473327,8.638025,-3.138980,2.989926
5.423547,8.638065,-3.137430,2.991293
5.373757,8.638091,-3.136370,2.990534
5.323957,8.638075,-3.135400,2.989829
5.274147,8.638042,-3.134806,2.989477
5.224329,8.637965,-3.134208,2.989715
5.174502,8.637871,-3.133910,2.989869
5.124666,8.637736,-3.133546,2.990551
5.074823,8.637586,-3.133432,2.990910
5.024973,8.637398,-3.133212,2.991788
4.975115,8.637200,-3.133209,2.992187
4.925251,8.636967,-3.133073,2.993065
4.875381,8.636727,-3.133135,2.993551
4.825504,8.636457,-3.133047,2.994367
4.775622,8.636184,-3.133144,2.994735
4.725735,8.635883,-3.133081,2.995470
4.675842,8.635583,-3.133194,2.995844
4.625944,8.635258,-3.133142,2.996449
4.576041,8.634937,-3.133262,2.996712
4.526134,8.634593,-3.133213,2.997185
4.476222,8.634255,-3.133333,2.997421
4.426307,8.633896,-3.133282,2.997855
4.376387,8.633545,-3.133399,2.998057
4.326464,8.633175,-3.133345,2.998388
4.276537,8.632814,-3.133458,2.998522
4.226607,8.632436,-3.133399,2.998742
4.176674,8.632067,-3.133508,2.998861
4.126737,8.631682,-3.133445,2.999096
4.076798,8.631308,-3.133549,2.999171
4.026856,8.630918,-3.133482,2.999311
3.976911,8.630540,-3.133582,2.999355
3.926963,8.630146,-3.133511,2.999466
3.877014,8.629765,-3.133608,2.999491
3.827061,8.629368,-3.133534,2.999640
3.777107,8.628984,-3.133629,2.999726
3.727151,8.628586,-3.133553,2.999765
3.677192,8.628201,-3.133645,2.999707
3.627232,8.627801,-3.133566,2.999748
3.577270,8.627414,-3.133657,2.999785
3.527306,8.627013,-3.133577,2.999860
3.477341,8.626625,-3.133666,2.999885
3.427374,8.626223,-3.133585,2.999956
3.377405,8.625835,-3.133673,2.999929
3.327435,8.625433,-3.133591,2.999902
3.277464,8.625044,-3.133678,2.999896
3.227491,8.624641,-3.133596,2.999958
3.177517,8.624252,-3.133682,2.999939
3.127542,8.623849,-3.133599,2.999950
3.077566,8.623459,-3.133685,2.999965
3.027589,8.623056,-3.133602,2.999993
2.977611,8.622666,-3.133687,2.999988
2.927632,8.622263,-3.133603,2.999967
2.877652,8.621873,-3.133689,2.999940
2.827671,8.621469,-3.133605,2.999972
2.777689,8.621079,-3.133690,2.999954
2.727706,8.620676,-3.133606,2.999996
2.677723,8.620286,-3.133691,2.999939
2.627739,8.619882,-3.133606,2.999981
2.577754,8.619492,-3.133691,2.999987
2.527769,8.619088,-3.133607,2.999987
2.477783,8.618698,-3.133692,2.999997
2.427797,8.618294,-3.133607,2.999986
2.377809,8.617904,-3.133692,2.999997
2.327822,8.617500,-3.133607,2.999987
2.277833,8.617110,-3.133692,2.999997
2.227845,8.616706,-3.133608,2.999987
2.177856,8.616316,-3.133692,2.999997
2.127866,8.615912,-3.133608,2.999987
2.077876,8.615522,-3.133693,2.999996
2.027886,8.615118,-3.133608,2.999987
1.977895,8.614728,-3.133693,2.999997
1.927904,8.614324,-3.133608,2.999987
1.877912,8.613934,-3.133693,2.999996
1.827921,8.613530,-3.133608,2.999987
1.777928,8.613140,-3.133693,2.999994
1.727936,8.612736,-3.133608,2.999985
1.677943,8.612346,-3.133693,2.999967
1.627950,8.611942,-3.133608,2.999359
1.577957,8.611551,-3.133693,2.997227
1.527964,8.611148,-3.133608,2.991443
1.477970,8.610784,-3.134013,2.978167
1.427975,8.610509,-3.135402,2.976273
1.377980,8.610297,-3.137272,2.976482
1.327984,8.610177,-3.139828,2.982630
1.277988,8.610101,3.140882,2.988434
1.227991,8.610026,3.139072,2.992042
1.177995,8.609985,3.137494,2.991564
1.127998,8.609957,3.136409,2.990446
1.078001,8.609972,3.135416,2.989778
1.028004,8.610004,3.134801,2.989605
0.978007,8.610080,3.134185,2.989550
0.928010,8.610173,3.133871,2.989848
0.878013,8.610308,3.133493,2.990003
0.828016,8.610457,3.133367,2.991704
0.778019,8.610646,3.133136,2.992577
0.728021,8.610844,3.133125,2.991848
0.678024,8.611079,3.132982,2.991753
0.628026,8.611319,3.133037,2.993995
0.578029,8.611591,3.132944,2.994292
0.528032,8.611866,3.133036,2.994807
0.478035,8.612170,3.132970,2.995262
0.428037,8.612472,3.133080,2.995855
0.378040,8.612800,3.133026,2.996142
0.328042,8.613125,3.133144,2.996683
0.278045,8.613473,3.133094,2.997026
0.228048,8.613815,3.133213,2.997480
0.178050,8.614178,3.133161,2.997715
0.128053,8.614533,3.133278,2.998026
0.078055,8.614908,3.133223,2.998249
0.028058,8.615273,3.133336,2.998655
-0.021940,8.615657,3.133278,2.998736
-0.071937,8.616030,3.133386,2.998556
-0.121935,8.616421,3.133323,2.998874
-0.171932,8.616800,3.133428,2.999312
-0.221930,8.617195,3.133360,2.999292
-0.271927,8.617579,3.133461,2.999299
-0.321925,8.617978,3.133391,2.999383
-0.371923,8.618366,3.133488,2.999552
-0.421920,8.618768,3.133414,2.999661
-0.471918,8.619157,3.133509,2.999644
-0.521916,8.619561,3.133433,2.999656
-0.571914,8.619953,3.133525,2.999726
-0.621911,8.620358,3.133447,2.999762
-0.671909,8.620751,3.133538,2.999787
-0.721907,8.621158,3.133458,2.999897
-0.771905,8.621552,3.133548,2.999941
-0.821903,8.621959,3.133467,2.999817
-0.871901,8.622354,3.133555,2.999681
-0.921899,8.622762,3.133473,2.999944
-0.971897,8.623157,3.133560,2.999992
-1.021895,8.623565,3.133478,2.999932
-1.071893,8.623961,3.133564,2.999943
-1.121891,8.624370,3.133481,2.999981
-1.171889,8.624765,3.133567,2.999949
-1.221887,8.625174,3.133484,2.999906
-1.271885,8.625570,3.133570,2.999940
-1.321883,8.625980,3.133486,2.999979
-1.371881,8.626375,3.133571,2.999984
-1.421879,8.626785,3.133487,2.999985
-1.471877,8.627181,3.133573,2.999990
-1.521875,8.627590,3.133488,2.999971
-1.571873,8.627987,3.133573,2.999947
-1.621872,8.628396,3.133489,2.999929
-1.671870,8.628792,3.133574,2.999757
-1.721868,8.629202,3.133490,2.999983
-1.771866,8.629598,3.133575,2.999897
-1.821864,8.630008,3.133490,2.999917
-1.871863,8.630404,3.133575,2.999994
-1.921861,8.630813,3.133490,2.999969
-1.971859,8.631210,3.133575,2.999963
-2.021857,8.631619,3.133490,2.999997
-2.071855,8.632016,3.133575,2.999981
-2.121854,8.632425,3.133491,2.999977
-2.171852,8.632821,3.133575,2.999958
-2.221850,8.633231,3.133491,2.999982
-2.271848,8.633627,3.133576,2.999996
-2.321847,8.634037,3.133491,2.999934
-2.371845,8.634433,3.133576,2.999948
-2.421843,8.634843,3.133491,2.999919
-2.471841,8.635239,3.133576,2.999775
-2.521840,8.635649,3.133491,2.999988
-2.571838,8.636045,3.133576,2.999835
-2.621836,8.636455,3.133491,2.999430
-2.671835,8.636851,3.133576,2.995878
-2.721833,8.637261,3.133491,2.989961
-2.771831,8.637631,3.133896,2.980112
-2.821831,8.637911,3.135285,2.975405
-2.871830,8.638129,3.137156,2.972900
-2.921830,8.638255,3.139712,2.971724
-2.971830,8.638310,-3.140678,2.973389
-3.021830,8.638262,-3.137394,2.977024
-3.071829,8.638157,-3.134350,2.983894
-3.121829,8.638036,-3.132097,2.985659
-3.171829,8.637864,-3.130179,2.987090
-3.221828,8.637665,-3.128837,2.987389
-3.271828,8.637407,-3.127651,2.985073
-3.321827,8.637118,-3.126895,2.982317
-3.371826,8.636770,-3.126178,2.985676
-3.421824,8.636394,-3.125794,2.986013
-3.471822,8.635962,-3.125371,2.986732
-3.521820,8.635506,-3.125218,2.987282
-3.571817,8.635001,-3.124973,2.988505
-3.621815,8.634476,-3.124959,2.989147
-3.671811,8.633908,-3.124821,2.990407
-3.721808,8.633326,-3.124886,2.991023
-3.771804,8.632706,-3.124807,2.992153
-3.821800,8.632077,-3.124914,2.992710
-3.871796,8.631415,-3.124865,2.993608
-3.921791,8.630748,-3.124993,2.994014
-3.971786,8.630053,-3.124956,2.995347
-4.021782,8.629357,-3.125091,2.996169
-4.071776,8.628635,-3.125056,2.996169
-4.121771,8.627916,-3.125190,2.995964
-4.171766,8.627174,-3.125153,2.997059
-4.221760,8.626437,-3.125283,2.997370
-4.271754,8.625679,-3.125240,2.997764
-4.321749,8.624929,-3.125364,2.997993
-4.371743,8.624159,-3.125315,2.999081
-4.421737,8.623398,-3.125432,2.998590
-4.471731,8.622620,-3.125377,2.989980
-4.521725,8.621878,-3.125809,2.982160
-4.571721,8.621222,-3.127222,2.976690
-4.621717,8.620625,-3.129114,2.976600
-4.671715,8.620119,-3.131690,2.983109
-4.721713,8.619655,-3.134181,2.988921
-4.771711,8.619189,-3.136007,2.993117
-4.821709,8.618756,-3.137599,2.993000
-4.871707,8.618336,-3.138696,2.990921
-4.921705,8.617957,-3.139699,2.988748
-4.971704,8.617593,-3.140323,2.990311
-5.021703,8.617274,-3.140947,2.990172
-5.071702,8.616970,-3.141268,2.990277
-5.121701,8.616708,3.141533,2.990483
-5.171701,8.616460,3.141402,2.991183
-5.221700,8.616250,3.141167,2.991592
-5.271700,8.616051,3.141151,2.992428
-5.321700,8.615886,3.141005,2.992879
-5.371699,8.615728,3.141057,2.993665
-5.421699,8.615601,3.140961,2.994106
-5.471699,8.615477,3.141051,2.994847
-5.521699,8.615381,3.140983,2.995254
-5.571699,8.615284,3.141092,2.995867
-5.621699,8.615213,3.141036,2.996228
-5.671699,8.615138,3.141153,2.996774
-5.721699,8.615086,3.141102,2.997069
-5.771699,8.615028,3.141220,2.997483
-5.821699,8.614991,3.141168,2.997708
-5.871699,8.614946,3.141284,2.998008
-5.921699,8.614921,3.141229,2.998218
-5.971699,8.614887,3.141341,2.998516
-6.021699,8.614870,3.141282,2.998661
-6.071699,8.614844,3.141390,2.998868
-6.121699,8.614834,3.141327,2.998999
-6.171699,8.614813,3.141431,2.999144
-6.221699,8.614809,3.141364,2.999280
-6.271699,8.614792,3.141464,2.999381
-6.321699,8.614791,3.141394,2.999442
-6.371699,8.614778,3.141491,2.999559
-6.421699,8.614780,3.141417,2.999529
-6.471699,8.614770,3.141512,2.999422
-6.521699,8.614774,3.141436,2.999688
-6.571699,8.614765,3.141528,2.999848
-6.621699,8.614771,3.141450,2.999834
-6.671699,8.614763,3.141541,2.999786
-6.721699,8.614770,3.141461,2.999812
-6.771699,8.614764,3.141550,2.999850
-6.821699,8.614771,3.141469,2.999873
-6.871699,8.614766,3.141557,2.999919
-6.921699,8.614774,3.141476,2.999970
-6.971699,8.614768,3.141563,2.999903
-7.021699,8.614777,3.141480,2.999911
-7.071699,8.614772,3.141567,2.999951
-7.121699,8.614781,3.141484,2.999989
-7.171699,8.614776,3.141570,2.999986
-7.221699,8.614786,3.141486,2.999920
-7.271699,8.614781,3.141572,2.999790
-7.321699,8.614790,3.141488,2.999964
-7.371699,8.614786,3.141574,2.999955
-7.421699,8.614795,3.141490,2.999989
-7.471699,8.614791,3.141575,2.999948
-7.521699,8.614801,3.141491,2.999980
-7.571699,8.614797,3.141576,2.999972
-7.621699,8.614806,3.141492,2.999989
-7.671699,8.614802,3.141577,2.999949
-7.721699,8.614812,3.141492,2.999981
-7.771699,8.614808,3.141577,2.999972
-7.821699,8.614817,3.141492,2.999989
-7.871699,8.614813,3.141577,2.999948
-7.921699,8.614823,3.141493,2.999989
-7.971699,8.614819,3.141578,3.000000
-8.021699,8.614828,3.141493,2.999976
-8.071699,8.614825,3.141578,2.999991
-8.121699,8.614834,3.141493,2.999984
-8.171699,8.614830,3.141578,2.999976
-8.221698,8.614840,3.141493,2.999980
-8.271698,8.614836,3.141578,3.000000
-8.321698,8.614845,3.141493,2.999976
-8.371698,8.614842,3.141578,2.999991
-8.421698,8.614851,3.141493,2.999984
-8.471698,8.614847,3.141578,2.999976
-8.521698,8.614857,3.141493,2.999980
-8.571698,8.614853,3.141578,3.000000
-8.621698,8.614862,3.141493,2.999977
-8.671698,8.614859,3.141578,2.999991
-8.721698,8.614868,3.141493,2.999925
-8.771698,8.614864,3.141578,2.999975
-8.821698,8.614874,3.141493,2.999901
-8.871698,8.614870,3.141578,2.999777
-8.921698,8.614880,3.141493,2.999938
-8.971698,8.614876,3.141578,2.999869
-9.021698,8.614885,3.141493,2.999974
-9.071698,8.614881,3.141578,2.999933
-9.121698,8.614891,3.141493,2.999975
-9.171698,8.614887,3.141578,2.999997
-9.221698,8.614897,3.141493,2.999949
-9.271698,8.614893,3.141578,2.999968
-9.321698,8.614902,3.141493,2.999988
-9.371698,8.614898,3.141578,2.999930
-9.421698,8.614908,3.141493,2.999974
-9.471698,8.614904,3.141578,2.999978
-9.521698,8.614914,3.141493,2.999889
-9.571698,8.614910,3.141578,2.999911
-9.621698,8.614919,3.141493,2.999909
-9.671698,8.614915,3.141578,2.999723
-9.721698,8.614925,3.141493,2.999973
-9.771698,8.614921,3.141578,2.999896
-9.821698,8.614931,3.141493,2.999909
-9.871698,8.614927,3.141578,2.999965
-9.921698,8.614936,3.141493,2.999989
-9.971698,8.614932,3.141578,2.999930
-10.021698,8.614942,3.141493,2.999974
-10.071698,8.614938,3.141578,2.999999
-10.121698,8.614948,3.141493,2.999957
-10.171698,8.614944,3.141578,2.999996
-10.221698,8.614953,3.141493,2.999977
-10.271698,8.614950,3.141578,2.999991
-10.321698,8.614959,3.141493,2.999924
-10.371698,8.614955,3.141578,2.999960
-10.421698,8.614965,3.141493,2.999935
-10.471698,8.614961,3.141578,2.999808
-10.521698,8.614970,3.141493,2.999976
-10.571698,8.614967,3.141578,2.999911
-10.621698,8.614976,3.141493,2.999947
-10.671698,8.614972,3.141578,2.999961
-10.721698,8.614982,3.141493,2.999984
-10.771698,8.614978,3.141578,2.999996
-10.821698,8.614988,3.141493,2.999949
-10.871698,8.614984,3.141578,2.999968
-10.921698,8.614993,3.141493,2.999988
-10.971698,8.614989,3.141578,2.999930
-11.021698,8.614999,3.141493,2.999974
-11.071698,8.614995,3.141578,2.999978
-11.121698,8.615005,3.141493,2.999885
-11.171698,8.615001,3.141578,2.999847
-11.221698,8.615010,3.141493,2.999619
-11.271698,8.615006,3.141578,2.997858
-11.321698,8.615016,3.141493,2.988503
-11.371698,8.614986,-3.141287,2.979843
-11.421698,8.614866,-3.139898,2.975621
-11.471698,8.614684,-3.138027,2.972899
-11.521697,8.614409,-3.135471,2.971302
-11.571696,8.614065,-3.132676,2.969238
-11.621694,8.613617,-3.129391,2.966859
-11.671691,8.613085,-3.126027,2.963547
-11.721687,8.612434,-3.122301,2.958891
-11.771681,8.611685,-3.118597,2.947822
-11.821673,8.610775,-3.114293,2.937215
-11.871660,8.609647,-3.108923,2.927005
-11.921643,8.608322,-3.103012,2.920195
-11.971618,8.606763,-3.096374,2.922116
-12.021587,8.604985,-3.089469,2.919396
-12.071544,8.602925,-3.081737,2.896251
-12.121486,8.600519,-3.072762,2.866118
-12.171411,8.597782,-3.063109,2.880103
-12.221314,8.594672,-3.052625,2.872059
-12.271193,8.591201,-3.041796,2.855001
-12.321040,8.587298,-3.030081,2.840307
-12.370846,8.582896,-3.017080,2.828712
-12.420606,8.578005,-3.003373,2.819809
-12.470311,8.572581,-2.988813,2.808831
-12.519955,8.566630,-2.973896,2.791868
-12.569050,8.560126,-2.956420,2.766725
-12.617106,8.553059,-2.934598,2.741525
-12.664120,8.545470,-2.909629,2.690399
-12.710066,8.537276,-2.881131,2.631143
-12.754908,8.528360,-2.848419,2.598565
-12.798602,8.518613,-2.810971,2.572375
-12.841097,8.507931,-2.768392,2.440460
-12.882330,8.496213,-2.720398,2.222022
-12.922226,8.483364,-2.666794,2.230195
-12.960696,8.469294,-2.607465,2.136675
-12.997637,8.453922,-2.542368,1.997487
-13.032938,8.437206,-2.471855,1.899144
-13.066509,8.419171,-2.397068,1.786113
-13.098248,8.399851,-2.319009,1.676513
-13.128048,8.379290,-2.238500,1.497978
-13.155797,8.357545,-2.156235,1.324145
-13.181638,8.334090,-2.081855,1.204410
-13.205736,8.308512,-2.021170,1.199679
-13.228074,8.281084,-1.970591,1.378172
-13.248811,8.251861,-1.930526,1.515572
-13.268163,8.220906,-1.900412,1.774174
-13.286249,8.188456,-1.877114,1.915619
-13.303192,8.154709,-1.858533,2.121746
-13.319112,8.119827,-1.843305,2.225807
-13.334130,8.083944,-1.830575,2.376047
-13.348360,8.047175,-1.819840,2.452957
-13.361912,8.009616,-1.810841,2.560513
-13.374892,7.971349,-1.803481,2.610664
-13.387382,7.932439,-1.797515,2.672125
-13.399400,7.892927,-1.792106,2.697217
-13.410999,7.852860,-1.787136,2.734453
-13.422188,7.812266,-1.782061,2.750813
-13.433011,7.771186,-1.776986,2.777198
-13.443467,7.729642,-1.771519,2.787704
-13.453593,7.687665,-1.765885,2.802092
-13.463378,7.645275,-1.759765,2.805413
-13.472852,7.602498,-1.753443,2.836867
-13.481997,7.559349,-1.746632,2.852280
-13.490840,7.515851,-1.739645,2.834005
-13.499357,7.472016,-1.732204,2.813806
-13.507570,7.427865,-1.724634,2.848544
-13.515452,7.383407,-1.716655,2.848549
-13.523023,7.338662,-1.708596,2.851546
-13.530254,7.293638,-1.700172,2.856431
-13.537188,7.248355,-1.692002,2.869051
-13.543863,7.202832,-1.684549,2.872266
-13.550249,7.157077,-1.677363,2.876345
-13.556367,7.111102,-1.670647,2.875611
-13.562189,7.064915,-1.664002,2.878461
-13.567739,7.018530,-1.657672,2.877847
-13.572991,6.971953,-1.651290,2.878236
-13.577969,6.925197,-1.645130,2.875442
-13.582647,6.878267,-1.638844,2.890914
-13.587050,6.831174,-1.632726,2.899146
-13.591151,6.783926,-1.626441,2.885055
-13.594976,6.736532,-1.620295,2.870845
-13.598498,6.688997,-1.613959,2.902446
-13.601767,6.641333,-1.608053,2.909250
-13.604828,6.593549,-1.603040,2.914032
-13.607656,6.545650,-1.598436,2.914689
-13.610277,6.497643,-1.594436,2.917589
-13.612669,6.449533,-1.590609,2.918628
-13.614861,6.401326,-1.587198,2.925842
-13.616832,6.353026,-1.583812,2.932938
-13.618640,6.304642,-1.581035,2.946679
-13.620336,6.256177,-1.579300,2.952450
-13.621902,6.207637,-1.578090,2.957597
-13.623369,6.159026,-1.577577,2.959334
-13.624722,6.110346,-1.577308,2.967754
-13.625996,6.061602,-1.577516,2.972734
-13.627175,6.012797,-1.577791,2.971919
-13.628297,5.963934,-1.578404,2.972257
-13.629344,5.915016,-1.578975,2.981085
-13.630354,5.866046,-1.579798,2.983044
-13.631307,5.817027,-1.580514,2.982635
-13.632240,5.767961,-1.581433,2.978809
-13.633108,5.718850,-1.581892,2.971908
-13.633868,5.669696,-1.581396,2.968918
-13.634553,5.620500,-1.580431,2.968877
-13.635140,5.571265,-1.578791,2.968748
-13.635654,5.521993,-1.576911,2.968088
-13.636069,5.472685,-1.574543,2.964403
-13.636407,5.423344,-1.572086,2.949569
-13.636612,5.373971,-1.568947,2.932602
-13.636604,5.324568,-1.564367,2.927091
-13.636329,5.275138,-1.558056,2.929837
-13.635832,5.226170,-1.550457,2.918718
-13.635154,5.177645,-1.542563,2.896186
-13.634216,5.129054,-1.534328,2.902275
-13.632953,5.080404,-1.525262,2.901706
-13.631402,5.031699,-1.516151,2.915837
-13.629622,4.982941,-1.507903,2.931407
-13.627674,4.934132,-1.501241,2.958425
-13.625618,4.885272,-1.496741,2.977328
-13.623522,4.836362,-1.494852,2.995914
-13.621460,4.787401,-1.495932,2.980734
-13.619490,4.738389,-1.499942,2.967208
-13.617599,4.689328,-1.505968,2.959615
-13.615838,4.640220,-1.513870,2.948768
-13.614210,4.591066,-1.522937,2.939290
-13.612775,4.541867,-1.533198,2.927319
-13.611538,4.492626,-1.544078,2.918909
-13.610561,4.443343,-1.555717,2.914833
-13.609826,4.394023,-1.567315,2.912827
-13.609313,4.344668,-1.578267,2.911277
-13.609082,4.295280,-1.588978,2.909667
-13.609103,4.245862,-1.598858,2.912549
-13.609351,4.196418,-1.607474,2.912795
-13.609868,4.146949,-1.615369,2.918851
-13.610614,4.097458,-1.622064,2.923600
-13.611548,4.047946,-1.627210,2.932227
-13.612700,3.998416,-1.631423,2.938382
-13.614016,3.948868,-1.634277,2.950946
-13.615442,3.899303,-1.635466,2.956853
-13.616996,3.849722,-1.635640,2.963795
-13.618640,3.800125,-1.634716,2.967529
-13.620385,3.750513,-1.633234,2.974655
-13.622187,3.700887,-1.631022,2.979460
-13.624054,3.651247,-1.628548,2.987093
-13.625941,3.601592,-1.625579,2.992044
-13.627858,3.551923,-1.622535,2.999294
-13.629760,3.502240,-1.619146,2.995887
-13.631657,3.452543,-1.615797,2.989540
-13.633507,3.402832,-1.612193,2.985301
-13.635324,3.353108,-1.608701,2.979992
-13.637066,3.303369,-1.605006,2.976265
-13.638750,3.253617,-1.601464,2.972076
-13.640337,3.203852,-1.597748,2.969332
-13.641845,3.154074,-1.594207,2.969616
-13.643238,3.104284,-1.590509,2.972780
-13.644561,3.054482,-1.587314,2.979789
-13.645857,3.004671,-1.585119,2.981872
-13.647093,2.954851,-1.583421,2.984433
-13.648292,2.905022,-1.582426,2.985531
-13.649430,2.855183,-1.581689,2.983707
-13.650533,2.805337,-1.581457,2.982060
-13.651579,2.755483,-1.581322,2.986729
-13.652600,2.705623,-1.581565,2.987845
-13.653573,2.655755,-1.581800,2.989537
-13.654530,2.605880,-1.582328,2.990812
-13.655449,2.556000,-1.582782,2.993057
-13.656363,2.506114,-1.583475,2.994428
-13.657250,2.456223,-1.584051,2.996372
-13.658141,2.406327,-1.584834,2.997144
-13.659014,2.356426,-1.585474,2.995272
-13.659900,2.306521,-1.586300,2.990326
-13.660749,2.256611,-1.586647,2.980395
-13.661515,2.206696,-1.586018,2.973388
-13.662229,2.156777,-1.584910,2.967424
-13.662837,2.106852,-1.582797,2.962947
-13.663286,2.056922,-1.579291,2.951609
-13.663601,2.006988,-1.574981,2.938181
-13.663746,1.957051,-1.569733,2.944104
-13.663736,1.907110,-1.564050,2.940285
-13.663533,1.857166,-1.557726,2.934361
-13.663150,1.807221,-1.551207,2.929542
-13.662546,1.757276,-1.544239,2.924709
-13.661734,1.707331,-1.537230,2.919994
-13.660674,1.657389,-1.529894,2.915663
-13.659380,1.607450,-1.522613,2.910708
-13.657814,1.557516,-1.515083,2.903517
-13.655989,1.507589,-1.507666,2.893313
-13.653845,1.457674,-1.499724,2.877826
-13.651320,1.407774,-1.490779,2.866593
-13.648434,1.357892,-1.481345,2.875772
-13.645150,1.308033,-1.471224,2.879117
-13.641482,1.258199,-1.460871,2.851891
-13.637365,1.208399,-1.449719,2.810548
-13.632737,1.158642,-1.437346,2.830872
-13.627614,1.108933,-1.424314,2.823817
-13.621952,1.059281,-1.410466,2.814608
-13.615765,1.009690,-1.396283,2.806612
-13.609007,0.960173,-1.381544,2.794386
-13.601760,0.911205,-1.365171,2.771939
-13.594021,0.863275,-1.345163,2.725429
-13.585691,0.816411,-1.320893,2.677969
-13.576673,0.770643,-1.291858,2.608599
-13.566872,0.726010,-1.257660,2.547429
-13.556187,0.682559,-1.217986,2.460689
-13.544521,0.640347,-1.172598,2.383591
-13.531776,0.599444,-1.121329,2.276722
-13.517859,0.559933,-1.064069,2.183914
-13.502681,0.521911,-1.000773,2.070874
-13.486188,0.485482,-0.931781,1.979743
-13.468397,0.450736,-0.858221,1.872955
-13.449326,0.417769,-0.781087,1.768195
-13.429004,0.386690,-0.701190,1.599118
-13.407473,0.357611,-0.619217,1.434995
-13.384227,0.330378,-0.544374,1.315022
-13.358859,0.304827,-0.482414,1.299082
-13.331617,0.280993,-0.430174,1.435320
-13.302748,0.258860,-0.385486,1.533001
-13.272272,0.238255,-0.349449,1.744399
-13.240212,0.218962,-0.322076,1.871218
-13.206779,0.200866,-0.300809,2.062795
-13.172149,0.183845,-0.283923,2.160682
-13.136469,0.167782,-0.270288,2.387554
-13.099862,0.152556,-0.259195,2.500335
-13.062434,0.138052,-0.250227,2.494085
-13.024269,0.124179,-0.242917,2.501179
-12.985417,0.110909,-0.236280,2.639909
-12.945938,0.098179,-0.230097,2.663793
-12.905870,0.085974,-0.223761,2.692535
-12.865259,0.074242,-0.217337,2.708627
-12.824134,0.062981,-0.210412,2.735996
-12.782531,0.052150,-0.203200,2.746712
-12.740474,0.041758,-0.195383,2.765811
-12.697991,0.031772,-0.187246,2.771962
-12.655102,0.022209,-0.178510,2.785585
-12.611832,0.013043,-0.169494,2.790420
-12.568195,0.004298,-0.159932,2.804513
-12.524218,-0.004071,-0.150437,2.810565
-12.479925,-0.012104,-0.141472,2.841001
-12.435328,-0.019773,-0.132616,2.854030
-12.390444,-0.027099,-0.124079,2.833600
-12.345283,-0.034054,-0.115486,2.811085
-12.299863,-0.040660,-0.107089,2.849052
-12.254194,-0.046889,-0.098542,2.854412
-12.208292,-0.052787,-0.090419,2.863857
-12.162177,-0.058398,-0.083148,2.867474
-12.115855,-0.063695,-0.076248,2.872595
-12.069339,-0.068701,-0.069897,2.872801
-12.022637,-0.073393,-0.063674,2.877659
-11.975760,-0.077798,-0.057811,2.880316
-11.928716,-0.081893,-0.051926,2.893402
-11.881518,-0.085730,-0.046590,2.901934
-11.834177,-0.089361,-0.042226,2.910230
-11.786699,-0.092760,-0.038327,2.910999
-11.739093,-0.095961,-0.035066,2.924541
-11.691363,-0.098942,-0.032002,2.931681
-11.643519,-0.101737,-0.029364,2.923045
-11.595564,-0.104328,-0.026755,2.912412
-11.547507,-0.106747,-0.024442,2.936307
-11.499350,-0.108977,-0.022058,2.944943
-11.451102,-0.111049,-0.019893,2.943025
-11.402764,-0.112945,-0.017597,2.936481
-11.354344,-0.114696,-0.015477,2.939555
-11.305845,-0.116281,-0.013193,2.942831
-11.257271,-0.117731,-0.011064,2.946299
-11.208626,-0.119024,-0.008754,2.947576
-11.159914,-0.120189,-0.006588,2.953527
-11.111138,-0.121204,-0.004234,2.959962
-11.062303,-0.122122,-0.002333,2.971819
-11.013412,-0.122995,-0.001365,2.976841
-10.964467,-0.123798,-0.000837,2.980901
-10.915472,-0.124563,-0.000951,2.982433
-10.866428,-0.125268,-0.001270,2.985480
-10.817339,-0.125948,-0.002041,2.987491
-10.768206,-0.126583,-0.002864,2.990968
-10.719031,-0.127208,-0.004018,2.993221
-10.669818,-0.127805,-0.005129,2.996447
-10.620567,-0.128408,-0.006495,2.998051
-10.571281,-0.128996,-0.007759,2.997344
-10.521961,-0.129605,-0.009234,2.993284
-10.472608,-0.130187,-0.010254,2.985731
-10.423225,-0.130699,-0.010323,2.982596
-10.373811,-0.131173,-0.009928,2.982016
-10.324370,-0.131584,-0.008861,2.981844
-10.274901,-0.131959,-0.007560,2.981013
-10.225407,-0.132268,-0.005774,2.979544
-10.175889,-0.132535,-0.003906,2.980495
-10.126347,-0.132728,-0.001675,2.980978
-10.076784,-0.132869,0.000540,2.978474
-10.027199,-0.132927,0.003039,2.981783
-9.977595,-0.132948,0.005140,2.993400
-9.927972,-0.132979,0.006333,2.995995
-9.878331,-0.132986,0.007099,2.996492
-9.828673,-0.132995,0.007222,2.996474
-9.778999,-0.132980,0.007135,2.997192
-9.729309,-0.132970,0.006580,2.997973
-9.679604,-0.132942,0.005959,2.999566
-9.629886,-0.132926,0.004986,2.999156
-9.580154,-0.132901,0.004040,2.997220
-9.530409,-0.132899,0.002817,2.995852
-9.480652,-0.132896,0.001680,2.993759
-9.430884,-0.132926,0.000313,2.992164
-9.381104,-0.132965,-0.000931,2.991437
-9.331315,-0.133045,-0.002374,2.990875
-9.281515,-0.133144,-0.003672,2.988315
-9.231706,-0.133291,-0.005152,2.985718
-9.181887,-0.133463,-0.006471,2.990621
-9.132061,-0.133690,-0.007964,2.995355
-9.082226,-0.133922,-0.008969,2.996155
-9.032383,-0.134113,-0.008993,2.992263
-8.982533,-0.134290,-0.008534,2.990338
-8.932675,-0.134427,-0.007389,2.989516
-8.882811,-0.134547,-0.006002,2.988034
-8.832940,-0.134619,-0.004123,2.986420
-8.783063,-0.134664,-0.002160,2.984165
-8.733180,-0.134648,0.000169,2.982587
-8.683292,-0.134592,0.002479,2.983648
-8.633398,-0.134462,0.005072,2.987564
-8.583499,-0.134305,0.007263,2.995501
-8.533596,-0.134164,0.008534,2.998199
-8.483688,-0.134006,0.009371,2.998649
-8.433776,-0.133856,0.009555,2.997843
-8.383859,-0.133685,0.009523,2.998501
-8.333939,-0.133523,0.009014,2.999200
-8.284015,-0.133346,0.008433,2.999459
-8.234087,-0.133184,0.007492,2.998344
-8.184156,-0.133015,0.006574,2.996590
-8.134221,-0.132870,0.005372,2.995292
-8.084283,-0.132727,0.004252,2.993542
-8.034343,-0.132617,0.002898,2.992229
-7.984399,-0.132517,0.001664,2.990563
-7.934453,-0.132460,0.000226,2.989324
-7.884504,-0.132421,-0.001067,2.987628
-7.834553,-0.132431,-0.002546,2.986194
-7.784599,-0.132468,-0.003866,2.986697
-7.734644,-0.132560,-0.005361,2.987213
-7.684686,-0.132684,-0.006689,2.986271
-7.634726,-0.132869,-0.008185,2.991938
-7.584765,-0.133064,-0.009190,2.997076
-7.534801,-0.133222,-0.009208,2.993580
-7.484836,-0.133371,-0.008741,2.991743
-7.434869,-0.133484,-0.007584,2.990756
-7.384901,-0.133583,-0.006184,2.989054
-7.334931,-0.133636,-0.004290,2.987417
-7.284959,-0.133665,-0.002311,2.985101
-7.234987,-0.133636,0.000034,2.983437
-7.185012,-0.133569,0.002360,2.984399
-7.135037,-0.133429,0.004971,2.988142
-7.085061,-0.133264,0.007178,2.995535
-7.035084,-0.133116,0.008464,2.998125
-6.985105,-0.132952,0.009314,2.998761
-6.935126,-0.132797,0.009509,2.998765
-6.885145,-0.132622,0.009486,2.998793
-6.835164,-0.132457,0.008986,2.999206
-6.785182,-0.132276,0.008412,2.999364
-6.735199,-0.132112,0.007477,2.998248
-6.685215,-0.131940,0.006563,2.996514
-6.635230,-0.131793,0.005364,2.995218
-6.585245,-0.131648,0.004247,2.993472
-6.535259,-0.131536,0.002894,2.992162
-6.485272,-0.131435,0.001662,2.990503
-6.435284,-0.131376,0.000224,2.989258
-6.385296,-0.131336,-0.001069,2.987941
-6.335308,-0.131346,-0.002549,2.987303
-6.285318,-0.131381,-0.003870,2.989757
-6.235329,-0.131473,-0.005366,2.994683
-6.185339,-0.131570,-0.006375,2.996326
-6.135348,-0.131625,-0.006399,2.992451
-6.085357,-0.131668,-0.005941,2.990560
-6.035365,-0.131670,-0.004793,2.989746
-5.985373,-0.131657,-0.003403,2.988291
-5.935381,-0.131595,-0.001518,2.987100
-5.885388,-0.131507,0.000452,2.988358
-5.835395,-0.131358,0.002788,2.992224
-5.785402,-0.131195,0.004787,2.999630
-5.735409,-0.131062,0.005916,2.997727
-5.685415,-0.130924,0.006651,2.997509
-5.635421,-0.130806,0.006764,2.998000
-5.585426,-0.130678,0.006684,2.998032
-5.535432,-0.130568,0.006146,2.997555
-5.485437,-0.130453,0.005549,2.996495
-5.435442,-0.130361,0.004602,2.995497
-5.385446,-0.130268,0.003685,2.994652
-5.335450,-0.130207,0.002489,2.993943
-5.285454,-0.130154,0.001379,2.991859
-5.235458,-0.130139,0.000036,2.989155
-5.185462,-0.130139,-0.001185,2.989460
-5.135466,-0.130185,-0.002610,2.988280
-5.085469,-0.130254,-0.003890,2.986847
-5.035472,-0.130376,-0.005357,2.986292
-4.985476,-0.130526,-0.006665,2.988878
-4.935479,-0.130735,-0.008149,2.993874
-4.885482,-0.130952,-0.009147,2.997001
-4.835485,-0.131128,-0.009161,2.993068
-4.785488,-0.131294,-0.008692,2.991077
-4.735490,-0.131421,-0.007535,2.990171
-4.685493,-0.131533,-0.006136,2.988576
-4.635495,-0.131598,-0.004244,2.986934
-4.585497,-0.131637,-0.002267,2.984652
-4.535499,-0.131617,0.000076,2.983038
-4.485501,-0.131557,0.002400,2.983968
-4.435503,-0.131425,0.005009,2.987796
-4.385505,-0.131265,0.007214,2.995794
-4.335507,-0.131122,0.008498,2.998415
-4.285508,-0.130963,0.009346,2.998720
-4.235510,-0.130812,0.009539,2.998218
-4.185512,-0.130640,0.009514,2.998476
-4.135513,-0.130478,0.009012,2.999169
-4.085515,-0.130300,0.008435,2.999468
-4.035516,-0.130138,0.007498,2.998355
-3.985518,-0.129968,0.006582,2.996623
-3.935519,-0.129823,0.005382,2.995339
-3.885520,-0.129679,0.004263,2.993378
-3.835521,-0.129568,0.002908,2.991819
-3.785523,-0.129468,0.001674,2.991195
-3.735523,-0.129410,0.000235,2.990711
-3.685524,-0.129371,-0.001060,2.988123
-3.635525,-0.129381,-0.002541,2.984888
-3.585526,-0.129417,-0.003863,2.986256
-3.535527,-0.129509,-0.005361,2.985716
-3.485528,-0.129632,-0.006691,2.987988
-3.435529,-0.129817,-0.008191,2.992986
-3.385530,-0.130012,-0.009199,2.997866
-3.335531,-0.130169,-0.009218,2.993924
-3.285531,-0.130318,-0.008753,2.991827
-3.235532,-0.130431,-0.007596,2.990801
-3.185533,-0.130530,-0.006196,2.989082
-3.135533,-0.130583,-0.004301,2.987419
-3.085534,-0.130612,-0.002322,2.984766
-3.035534,-0.130583,0.000025,2.982813
-2.985535,-0.130516,0.002353,2.985458
-2.935535,-0.130376,0.004966,2.989983
-2.885536,-0.130211,0.007174,2.994041
-2.835536,-0.130063,0.008462,2.998002
-2.785537,-0.129900,0.009314,2.998590
-2.735538,-0.129744,0.009510,2.998430
-2.685538,-0.129570,0.009488,2.998740
-2.635539,-0.129405,0.008989,2.999275
-2.585539,-0.129224,0.008415,2.999373
-2.535540,-0.129060,0.007481,2.998250
-2.485541,-0.128888,0.006567,2.996513
-2.435541,-0.128741,0.005368,2.995216
-2.385542,-0.128596,0.004251,2.993465
-2.335542,-0.128484,0.002898,2.992121
-2.285542,-0.128383,0.001665,2.990261
-2.235542,-0.128325,0.000227,2.988845
-2.185543,-0.128284,-0.001067,2.988760
-2.135543,-0.128294,-0.002547,2.988519
-2.085543,-0.128329,-0.003869,2.985743
-2.035543,-0.128421,-0.005366,2.983020
-1.985544,-0.128544,-0.006695,2.988666
-1.935544,-0.128728,-0.008194,2.993523
-1.885545,-0.128923,-0.009202,2.997841
-1.835545,-0.129080,-0.009221,2.993894
-1.785545,-0.129229,-0.008755,2.991807
-1.735546,-0.129341,-0.007598,2.990864
-1.685546,-0.129440,-0.006198,2.989156
-1.635546,-0.129494,-0.004303,2.987402
-1.585546,-0.129523,-0.002323,2.985026
-1.535546,-0.129493,0.000023,2.983433
-1.485546,-0.129426,0.002352,2.984379
-1.435547,-0.129286,0.004965,2.988208
-1.385547,-0.129121,0.007174,2.995968
-1.335547,-0.128973,0.008461,2.998548
-1.285548,-0.128810,0.009313,2.998958
-1.235548,-0.128654,0.009510,2.998197
-1.185548,-0.128480,0.009488,2.998738
-1.135549,-0.128314,0.008988,2.999380
-1.085549,-0.128134,0.008415,2.999327
-1.035549,-0.127970,0.007480,2.998275
-0.985550,-0.127798,0.006566,2.996542
-0.935550,-0.127651,0.005368,2.995228
-0.885550,-0.127506,0.004251,2.993478
-0.835551,-0.127394,0.002898,2.992167
-0.785551,-0.127293,0.001665,2.990515
-0.735551,-0.127234,0.000227,2.989249
-0.685551,-0.127194,-0.001067,2.987574
-0.635551,-0.127204,-0.002547,2.986212
-0.585551,-0.127239,-0.003869,2.986650
-0.535551,-0.127331,-0.005366,2.986746
-0.485551,-0.127454,-0.006695,2.983885
-0.435552,-0.127638,-0.008194,2.980969
-0.385552,-0.127859,-0.009522,2.987123
-0.335553,-0.128146,-0.011015,2.992186
-0.285554,-0.128447,-0.012015,2.998975
-0.235555,-0.128713,-0.012025,2.994994
-0.185555,-0.128974,-0.011550,2.992796
-0.135556,-0.129202,-0.010383,2.991720
-0.085556,-0.129418,-0.008972,2.989797
-0.035557,-0.129591,-0.007067,2.987704
0.014443,-0.129742,-0.005078,2.984421
0.064443,-0.129835,-0.002723,2.984160
0.114443,-0.129892,-0.000386,2.987777
0.164443,-0.129879,0.002235,2.989303
0.214443,-0.129840,0.004451,2.995015
0.264443,-0.129820,0.005745,2.998068
0.314443,-0.129785,0.006602,2.999039
0.364443,-0.129759,0.006804,2.998435
0.414443,-0.129714,0.006787,2.998880
0.464443,-0.129679,0.006291,2.999503
0.514443,-0.129629,0.005722,2.999191
0.564442,-0.129596,0.004790,2.998123
0.614442,-0.129556,0.003879,2.996436
0.664442,-0.129540,0.002683,2.995109
0.714442,-0.129527,0.001568,2.993350
0.764442,-0.129548,0.000217,2.992101
0.814442,-0.129579,-0.001014,2.990503
0.864442,-0.129653,-0.002450,2.989249
0.914442,-0.129745,-0.003743,2.987665
0.964442,-0.129888,-0.005222,2.986894
1.014442,-0.130056,-0.006542,2.991068
1.064441,-0.130280,-0.008038,2.996640
1.114441,-0.130510,-0.009047,2.997920
1.164440,-0.130698,-0.009071,2.993232
1.214440,-0.130874,-0.008613,2.990421
1.264440,-0.131010,-0.007465,2.989647
1.314440,-0.131129,-0.006074,2.988208
1.364440,-0.131201,-0.004188,2.986597
1.414440,-0.131246,-0.002218,2.984296
1.464440,-0.131230,0.000119,2.982743
1.514440,-0.131174,0.002438,2.983929
1.564439,-0.131045,0.005042,2.987721
1.614439,-0.130889,0.007243,2.995151
1.664439,-0.130749,0.008523,2.997813
1.714439,-0.130592,0.009368,2.998321
1.764438,-0.130442,0.009558,2.998036
1.814438,-0.130272,0.009531,2.998591
1.864438,-0.130111,0.009026,2.999349
1.914438,-0.129935,0.008448,2.999790
1.964437,-0.129773,0.007510,2.998229
2.014437,-0.129604,0.006592,2.996714
2.064437,-0.129459,0.005390,2.995401
2.114437,-0.129316,0.004270,2.993577
2.164436,-0.129206,0.002915,2.992258
2.214436,-0.129106,0.001680,2.990580
2.264436,-0.129049,0.000240,2.989369
2.314436,-0.129010,-0.001056,2.988001
2.364436,-0.129020,-0.002538,2.986857
2.414436,-0.129056,-0.003860,2.985719
2.464436,-0.129148,-0.005359,2.985180
2.514436,-0.129272,-0.006689,2.987996
2.564436,-0.129457,-0.008189,2.993360
2.614435,-0.129652,-0.009197,2.997890
2.664435,-0.129809,-0.009217,2.994701
2.714435,-0.129958,-0.008752,2.992061
2.764435,-0.130071,-0.007596,2.989443
2.814435,-0.130170,-0.006196,2.989395
2.864435,-0.130223,-0.004301,2.987763
2.914435,-0.130252,-0.002322,2.985170
2.964434,-0.130223,0.000025,2.983479
3.014434,-0.130156,0.002353,2.984431
3.064434,-0.130016,0.004966,2.988201
3.114434,-0.129851,0.007175,2.995621
3.164434,-0.129704,0.008462,2.998227
3.214433,-0.129540,0.009314,2.998704
3.264433,-0.129385,0.009510,2.998428
3.314433,-0.129210,0.009488,2.998755
3.364433,-0.129045,0.008989,2.999331
3.414432,-0.128865,0.008415,2.999359
3.464432,-0.128700,0.007481,2.998232
3.514432,-0.128529,0.006567,2.996532
3.564432,-0.128382,0.005368,2.995265
3.614431,-0.128236,0.004251,2.993445
3.664431,-0.128125,0.002898,2.992136
3.714431,-0.128024,0.001665,2.990552
3.764431,-0.127965,0.000227,2.989322
3.814431,-0.127925,-0.001067,2.987894
3.864431,-0.127934,-0.002547,2.986764
3.914431,-0.127970,-0.003869,2.985708
3.964431,-0.128061,-0.005366,2.985186
4.014431,-0.128184,-0.006695,2.987884
4.064430,-0.128369,-0.008194,2.992949
4.114430,-0.128563,-0.009202,2.997864
4.164430,-0.128721,-0.009221,2.993863
4.214430,-0.128869,-0.008755,2.991802
4.264429,-0.128981,-0.007598,2.990898
4.314429,-0.129080,-0.006198,2.988802
4.364429,-0.129134,-0.004303,2.986389
4.414429,-0.129163,-0.002323,2.985031
4.464429,-0.129134,0.000023,2.985598
4.514429,-0.129066,0.002352,2.985611
4.564429,-0.128927,0.004965,2.987074
4.614429,-0.128761,0.007174,2.994831
4.664429,-0.128613,0.008461,2.998178
4.714428,-0.128450,0.009313,2.998753
4.764428,-0.128295,0.009510,2.998402
4.814428,-0.128120,0.009488,2.998699
4.864427,-0.127955,0.008988,2.999311
4.914427,-0.127774,0.008415,2.999253
4.964427,-0.127610,0.007480,2.998085
5.014427,-0.127439,0.006566,2.996830
5.064426,-0.127291,0.005368,2.995827
5.114426,-0.127146,0.004251,2.993753
5.164426,-0.127034,0.002898,2.990942
5.214426,-0.126933,0.001665,2.990809
5.264426,-0.126875,0.000227,2.989632
5.314426,-0.126834,-0.001067,2.987961
5.364426,-0.126844,-0.002547,2.986783
5.414426,-0.126879,-0.003869,2.985622
5.464426,-0.126971,-0.005366,2.984689
5.514426,-0.127094,-0.006695,2.983871
5.564425,-0.127278,-0.008194,2.983420
5.614425,-0.127499,-0.009522,2.986324
5.664424,-0.127786,-0.011015,2.991539
5.714423,-0.128087,-0.012015,2.998919
5.764422,-0.128353,-0.012025,2.994720
5.814422,-0.128615,-0.011550,2.993264
5.864421,-0.128842,-0.010383,2.992732
5.914421,-0.129058,-0.008972,2.990278
5.964420,-0.129231,-0.007067,2.986449
6.014420,-0.129382,-0.005078,2.986055
6.064420,-0.129476,-0.002723,2.984344
6.114420,-0.129533,-0.000386,2.984896
6.164420,-0.129519,0.002235,2.988571
6.214420,-0.129480,0.004451,2.995954
6.264420,-0.129460,0.005745,2.998600
6.314420,-0.129425,0.006602,2.999005
6.364420,-0.129399,0.006804,2.998656
6.414420,-0.129354,0.006787,2.998931
6.464420,-0.129319,0.006291,2.999496
6.514420,-0.129270,0.005722,2.999237
6.564420,-0.129236,0.004790,2.998129
6.614420,-0.129196,0.003879,2.996414
6.664420,-0.129181,0.002683,2.995161
6.714420,-0.129167,0.001568,2.993386
6.764420,-0.129188,0.000217,2.992067
6.814420,-0.129219,-0.001014,2.990440
6.864420,-0.129293,-0.002450,2.989230
6.914420,-0.129386,-0.003743,2.987902
6.964419,-0.129528,-0.005222,2.986804
7.014419,-0.129696,-0.006542,2.985662
7.064419,-0.129920,-0.008038,2.985108
7.114418,-0.130177,-0.009367,2.987882
7.164417,-0.130494,-0.010866,2.992960
7.214416,-0.130822,-0.011872,2.997883
7.264415,-0.131112,-0.011891,2.993902
7.314414,-0.131394,-0.011425,2.991614
7.364414,-0.131639,-0.010268,2.990440
7.414413,-0.131872,-0.008867,2.989914
7.464413,-0.132058,-0.006972,2.989042
7.514413,-0.132221,-0.004992,2.985141
7.564412,-0.132325,-0.002645,2.977003
7.614412,-0.132391,-0.000317,2.969228
7.664412,-0.132358,0.002617,2.959628
7.714412,-0.132170,0.006620,2.950799
7.764411,-0.131848,0.011168,2.946634
7.814408,-0.131356,0.016446,2.942750
7.864404,-0.130709,0.021994,2.938422
7.914397,-0.129870,0.028052,2.930745
7.964387,-0.128852,0.034202,2.920658
8.014371,-0.127591,0.041039,2.906854
8.064346,-0.126025,0.049009,2.897983
8.114312,-0.124170,0.057568,2.891829
8.164264,-0.121985,0.066890,2.886281
8.214201,-0.119482,0.076505,2.880747
8.264119,-0.116619,0.086643,2.872856
8.314016,-0.113408,0.096882,2.859555
8.363884,-0.109779,0.107812,2.845511
8.413714,-0.105669,0.119875,2.831709
8.463504,-0.101092,0.132526,2.818308
8.513241,-0.095977,0.146257,2.803455
8.562913,-0.090261,0.161429,2.791427
8.612513,-0.083952,0.177431,2.780571
8.661556,-0.077061,0.196086,2.763766
8.709564,-0.069676,0.218071,2.727486
8.756517,-0.061721,0.243720,2.683472
8.802382,-0.053086,0.273689,2.613452
8.847120,-0.043664,0.308492,2.549649
8.890684,-0.033351,0.348524,2.446788
8.933017,-0.022045,0.394080,2.351339
8.974050,-0.009646,0.445374,2.318152
9.013700,0.003942,0.502544,2.292937
9.051871,0.018806,0.565662,2.100071
9.088454,0.035009,0.634504,1.803214
9.123341,0.052573,0.708464,1.882126
9.156436,0.071466,0.786381,1.781871
9.187629,0.091655,0.867340,1.581292
9.216805,0.113092,0.950579,1.412659
9.244115,0.136281,1.026719,1.287555
9.269720,0.161625,1.089888,1.270057
9.293577,0.188872,1.143274,1.418373
9.315828,0.217975,1.186123,1.536299
9.336670,0.248874,1.218754,1.773421
9.356204,0.281324,1.244248,1.904142
9.374544,0.315124,1.264699,2.084138
9.391802,0.350101,1.281497,2.166372
9.408095,0.386114,1.295535,2.377628
9.423537,0.423040,1.307356,2.516533
9.438239,0.460777,1.317255,2.559668
9.452307,0.499237,1.325366,2.556877
9.465828,0.538348,1.331964,2.625595
9.478819,0.578069,1.337926,2.668807
9.491340,0.618350,1.343390,3.000000
9.503400,0.659160,1.348928,3.000000
9.515047,0.700457,1.354446,3.000000
9.526260,0.742223,1.360623,3.000000
